{
  "index": {
    "count": 33453.0,
    "unique": NaN,
    "top": NaN,
    "freq": NaN,
    "mean": 18146.801452784504,
    "std": 10484.299210836303,
    "min": 0.0,
    "25%": 9067.0,
    "50%": 18146.0,
    "75%": 27226.0,
    "max": 36284.0
  },
  "booking_id": {
    "count": 33453,
    "unique": 33453,
    "top": "INN00001",
    "freq": 1,
    "mean": NaN,
    "std": NaN,
    "min": NaN,
    "25%": NaN,
    "50%": NaN,
    "75%": NaN,
    "max": NaN
  },
  "number_of_adults": {
    "count": 33453.0,
    "unique": NaN,
    "top": NaN,
    "freq": NaN,
    "mean": 1.8436014707201147,
    "std": 0.516258525782627,
    "min": 0.0,
    "25%": 2.0,
    "50%": 2.0,
    "75%": 2.0,
    "max": 4.0
  },
  "number_of_children": {
    "count": 33453.0,
    "unique": NaN,
    "top": NaN,
    "freq": NaN,
    "mean": 0.08062057214599587,
    "std": 0.3409006750734328,
    "min": 0.0,
    "25%": 0.0,
    "50%": 0.0,
    "75%": 0.0,
    "max": 10.0
  },
  "number_of_weekend_nights": {
    "count": 33453.0,
    "unique": NaN,
    "top": NaN,
    "freq": NaN,
    "mean": 0.8259647864167639,
    "std": 0.8747109152719535,
    "min": 0.0,
    "25%": 0.0,
    "50%": 1.0,
    "75%": 2.0,
    "max": 7.0
  },
  "number_of_week_nights": {
    "count": 33453.0,
    "unique": NaN,
    "top": NaN,
    "freq": NaN,
    "mean": 2.218724778046812,
    "std": 1.4176189168779172,
    "min": 0.0,
    "25%": 1.0,
    "50%": 2.0,
    "75%": 3.0,
    "max": 17.0
  },
  "type_of_meal": {
    "count": 33453,
    "unique": 3,
    "top": "Meal Plan 1",
    "freq": 25823,
    "mean": NaN,
    "std": NaN,
    "min": NaN,
    "25%": NaN,
    "50%": NaN,
    "75%": NaN,
    "max": NaN
  },
  "room_type": {
    "count": 33453,
    "unique": 7,
    "top": "Room_Type 1",
    "freq": 26372,
    "mean": NaN,
    "std": NaN,
    "min": NaN,
    "25%": NaN,
    "50%": NaN,
    "75%": NaN,
    "max": NaN
  },
  "lead_time": {
    "count": 33453.0,
    "unique": NaN,
    "top": NaN,
    "freq": NaN,
    "mean": 78.70552715750456,
    "std": 73.98188593979472,
    "min": 0.0,
    "25%": 17.0,
    "50%": 57.0,
    "75%": 119.0,
    "max": 292.0
  },
  "market_segment_type": {
    "count": 33453,
    "unique": 5,
    "top": "Online",
    "freq": 21764,
    "mean": NaN,
    "std": NaN,
    "min": NaN,
    "25%": NaN,
    "50%": NaN,
    "75%": NaN,
    "max": NaN
  },
  "average_price": {
    "count": 33453.0,
    "unique": NaN,
    "top": NaN,
    "freq": NaN,
    "mean": 102.56756882790782,
    "std": 27.693819899561397,
    "min": 20.0,
    "25%": 80.75,
    "50%": 99.45,
    "75%": 120.0,
    "max": 182.53
  },
  "special_requests": {
    "count": 33453.0,
    "unique": NaN,
    "top": NaN,
    "freq": NaN,
    "mean": 0.6166562042268257,
    "std": 0.7821012630071744,
    "min": 0.0,
    "25%": 0.0,
    "50%": 0.0,
    "75%": 1.0,
    "max": 5.0
  },
  "date_of_reservation": {
    "count": 33453,
    "unique": 551,
    "top": "2017-10-16",
    "freq": 236,
    "mean": NaN,
    "std": NaN,
    "min": NaN,
    "25%": NaN,
    "50%": NaN,
    "75%": NaN,
    "max": NaN
  },
  "booking_status": {
    "count": 33453,
    "unique": 2,
    "top": "Not_Canceled",
    "freq": 22923,
    "mean": NaN,
    "std": NaN,
    "min": NaN,
    "25%": NaN,
    "50%": NaN,
    "75%": NaN,
    "max": NaN
  }
}