{
  "classifier": "LogisticRegression",
  "train_accuracy": 0.7990584737363726,
  "test_accuracy": 0.775222993062438,
  "precision": 0.7393617021276596,
  "recall": 0.7198681732580038,
  "f1_score": 0.7294847328244275,
  "roc_auc": 0.8483305835849368,
  "confusion_matrix": [
    [
      2382,
      539
    ],
    [
      595,
      1529
    ]
  ]
}