{
  "classifier": "RandomForestClassifier",
  "train_accuracy": 0.8806739345887017,
  "test_accuracy": 0.8558969276511398,
  "precision": 0.858534085084572,
  "recall": 0.7878645343367827,
  "f1_score": 0.82168260976208,
  "roc_auc": 0.9045058537231496,
  "confusion_matrix": [
    [
      2643,
      276
    ],
    [
      451,
      1675
    ]
  ]
}