{
  "classifier": "RandomForestClassifier",
  "train_accuracy": 0.9623389494549058,
  "test_accuracy": 0.847571853320119,
  "precision": 0.8454869964303927,
  "recall": 0.78060263653484,
  "f1_score": 0.811750305997552,
  "roc_auc": 0.9014568992251062,
  "confusion_matrix": [
    [
      2618,
      303
    ],
    [
      466,
      1658
    ]
  ]
}