{
  "number_of_adults": {
    "count": 32076.0,
    "mean": 1.8443696221474,
    "min": 0.0,
    "25%": 2.0,
    "50%": 2.0,
    "75%": 2.0,
    "max": 4.0,
    "std": 0.5268501720418328
  },
  "number_of_children": {
    "count": 32076.0,
    "mean": 0.11148522259633371,
    "min": 0.0,
    "25%": 0.0,
    "50%": 0.0,
    "75%": 0.0,
    "max": 10.0,
    "std": 0.41263478041819485
  },
  "number_of_weekend_nights": {
    "count": 32076.0,
    "mean": 0.8281581244544207,
    "min": 0.0,
    "25%": 0.0,
    "50%": 1.0,
    "75%": 2.0,
    "max": 7.0,
    "std": 0.8787223698846559
  },
  "number_of_week_nights": {
    "count": 32076.0,
    "mean": 2.2069771791994013,
    "min": 0.0,
    "25%": 1.0,
    "50%": 2.0,
    "75%": 3.0,
    "max": 17.0,
    "std": 1.4255313486922314
  },
  "lead_time": {
    "count": 32076.0,
    "mean": 74.92327596957226,
    "min": 0.0,
    "25%": 16.0,
    "50%": 54.0,
    "75%": 115.0,
    "max": 284.0,
    "std": 70.81443727329858
  },
  "p-c": {
    "count": 32076.0,
    "mean": 0.024629006110487593,
    "min": 0.0,
    "25%": 0.0,
    "50%": 0.0,
    "75%": 0.0,
    "max": 13.0,
    "std": 0.38791338135172554
  },
  "p-not-c": {
    "count": 32076.0,
    "mean": 0.16305025564284822,
    "min": 0.0,
    "25%": 0.0,
    "50%": 0.0,
    "75%": 0.0,
    "max": 58.0,
    "std": 1.809951250192791
  },
  "average_price": {
    "count": 32076.0,
    "mean": 102.8951334330964,
    "min": 0.0,
    "25%": 80.0,
    "50%": 98.6,
    "75%": 120.0,
    "max": 540.0,
    "std": 34.5670295569887
  },
  "special_requests": {
    "count": 32076.0,
    "mean": 0.6253585235066716,
    "min": 0.0,
    "25%": 0.0,
    "50%": 0.0,
    "75%": 1.0,
    "max": 5.0,
    "std": 0.7868548515128615
  },
  "date_of_reservation": {
    "count": 32076,
    "mean": 