{
  "index": {
    "count": 30714.0,
    "unique": NaN,
    "top": NaN,
    "freq": NaN,
    "mean": 18128.57270300189,
    "std": 10471.3201226462,
    "min": 0.0,
    "25%": 9063.25,
    "50%": 18126.5,
    "75%": 27176.75,
    "max": 36284.0
  },
  "booking_id": {
    "count": 30714,
    "unique": 30714,
    "top": "INN00001",
    "freq": 1,
    "mean": NaN,
    "std": NaN,
    "min": NaN,
    "25%": NaN,
    "50%": NaN,
    "75%": NaN,
    "max": NaN
  },
  "number_of_adults": {
    "count": 30714.0,
    "unique": NaN,
    "top": NaN,
    "freq": NaN,
    "mean": 1.8420589958976363,
    "std": 0.518872751278188,
    "min": 0.0,
    "25%": 2.0,
    "50%": 2.0,
    "75%": 2.0,
    "max": 4.0
  },
  "number_of_children": {
    "count": 30714.0,
    "unique": NaN,
    "top": NaN,
    "freq": NaN,
    "mean": 0.08256820993683663,
    "std": 0.34372320156313796,
    "min": 0.0,
    "25%": 0.0,
    "50%": 0.0,
    "75%": 0.0,
    "max": 10.0
  },
  "number_of_weekend_nights": {
    "count": 30714.0,
    "unique": NaN,
    "top": NaN,
    "freq": NaN,
    "mean": 0.8360031256104707,
    "std": 0.8797187694171016,
    "min": 0.0,
    "25%": 0.0,
    "50%": 1.0,
    "75%": 2.0,
    "max": 7.0
  },
  "number_of_week_nights": {
    "count": 30714.0,
    "unique": NaN,
    "top": NaN,
    "freq": NaN,
    "mean": 2.2200625122094158,
    "std": 1.4271120817766687,
    "min": 0.0,
    "25%": 1.0,
    "50%": 2.0,
    "75%": 3.0,
    "max": 17.0
  },
  "type_of_meal": {
    "count": 30714,
    "unique": 3,
    "top": "Meal Plan 1",
    "freq": 23748,
    "mean": NaN,
    "std": NaN,
    "min": NaN,
    "25%": NaN,
    "50%": NaN,
    "75%": NaN,
    "max": NaN
  },
  "room_type": {
    "count": 30714,
    "unique": 7,
    "top": "Room_Type 1",
    "freq": 24220,
    "mean": NaN,
    "std": NaN,
    "min": NaN,
    "25%": NaN,
    "50%": NaN,
    "75%": NaN,
    "max": NaN
  },
  "lead_time": {
    "count": 30714.0,
    "unique": NaN,
    "top": NaN,
    "freq": NaN,
    "mean": 76.57823793709709,
    "std": 71.13556745807746,
    "min": 0.0,
    "25%": 17.0,
    "50%": 56.0,
    "75%": 117.0,
    "max": 284.0
  },
  "market_segment_type": {
    "count": 30714,
    "unique": 5,
    "top": "Online",
    "freq": 20130,
    "mean": NaN,
    "std": NaN,
    "min": NaN,
    "25%": NaN,
    "50%": NaN,
    "75%": NaN,
    "max": NaN
  },
  "average_price": {
    "count": 30714.0,
    "unique": NaN,
    "top": NaN,
    "freq": NaN,
    "mean": 101.59424269062967,
    "std": 27.36998859663857,
    "min": 20.0,
    "25%": 80.3,
    "50%": 98.0,
    "75%": 119.7,
    "max": 180.0
  },
  "special_requests": {
    "count": 30714.0,
    "unique": NaN,
    "top": NaN,
    "freq": NaN,
    "mean": 0.6131080289118969,
    "std": 0.776187345983888,
    "min": 0.0,
    "25%": 0.0,
    "50%": 0.0,
    "75%": 1.0,
    "max": 5.0
  },
  "date_of_reservation": {
    "count": 30714,
    "unique": 513,
    "top": "10/16/2017",
    "freq": 236,
    "mean": NaN,
    "std": NaN,
    "min": NaN,
    "25%": NaN,
    "50%": NaN,
    "75%": NaN,
    "max": NaN
  },
  "booking_status": {
    "count": 30714,
    "unique": 2,
    "top": "Not_Canceled",
    "freq": 21168,
    "mean": NaN,
    "std": NaN,
    "min": NaN,
    "25%": NaN,
    "50%": NaN,
    "75%": NaN,
    "max": NaN
  },
  "datetime": {
    "count": 30714,
    "unique": 513,
    "top": "2017-10-16",
    "freq": 236,
    "mean": NaN,
    "std": NaN,
    "min": NaN,
    "25%": NaN,
    "50%": NaN,
    "75%": NaN,
    "max": NaN
  }
}