{
  "index": {
    "count": 25225.0,
    "mean": 18114.94775024777,
    "std": 10520.554778092708,
    "min": 0.0,
    "25%": 9000.0,
    "50%": 18092.0,
    "75%": 27244.0,
    "max": 36283.0
  },
  "booking_id": {
    "count": 25225,
    "unique": 25225,
    "top": "INN00001",
    "freq": 1
  },
  "number_of_adults": {
    "count": 25225.0,
    "mean": 1.8458671952428147,
    "std": 0.5151807275251309,
    "min": 0.0,
    "25%": 2.0,
    "50%": 2.0,
    "75%": 2.0,
    "max": 4.0
  },
  "number_of_children": {
    "count": 25225.0,
    "mean": 0.08241823587710605,
    "std": 0.34793877256630024,
    "min": 0.0,
    "25%": 0.0,
    "50%": 0.0,
    "75%": 0.0,
    "max": 10.0
  },
  "number_of_weekend_nights": {
    "count": 25225.0,
    "mean": 0.8190683845391477,
    "std": 0.8789353103920533,
    "min": 0.0,
    "25%": 0.0,
    "50%": 1.0,
    "75%": 2.0,
    "max": 7.0
  },
  "number_of_week_nights": {
    "count": 25225.0,
    "mean": 2.2037661050545094,
    "std": 1.42205011831906,
    "min": 0.0,
    "25%": 1.0,
    "50%": 2.0,
    "75%": 3.0,
    "max": 17.0
  },
  "type_of_meal": {
    "count": 25225,
    "unique": 3,
    "top": "Meal Plan 1",
    "freq": 19634
  },
  "room_type": {
    "count": 25225,
    "unique": 7,
    "top": "Room_Type 1",
    "freq": 19859
  },
  "lead_time": {
    "count": 25225.0,
    "mean": 72.7201189296333,
    "std": 66.53071077121638,
    "min": 0.0,
    "25%": 15.0,
    "50%": 56.0,
    "75%": 113.0,
    "max": 272.0
  },
  "market_segment_type": {
    "count": 25225,
    "unique": 5,
    "top": "Online",
    "freq": 16056
  },
  "average_price": {
    "count": 25225.0,
    "mean": 102.12083766105054,
    "std": 28.029022561701293,
    "min": 19.15,
    "25%": 80.75,
    "50%": 99.21,
    "75%": 120.0,
    "max": 183.6
  },
  "special_requests": {
    "count": 25225.0,
    "mean": 0.5694350842418235,
    "std": 0.7431534002414679,
    "min": 0.0,
    "25%": 0.0,
    "50%": 0.0,
    "75%": 1.0,
    "max": 5.0
  },
  "date_of_reservation": {
    "count": 25225,
    "unique": 448,
    "top": "2017-10-16",
    "freq": 236
  },
  "booking_status": {
    "count": 25225,
    "unique": 2,
    "top": "Not_Canceled",
    "freq": 17677
  }
}